{
  "2025": {
    "term_dates": {
      "term_1": {
        "start": "2025-01-28",
        "end": "2025-04-04",
        "weeks": 10
      },
      "term_2": {
        "start": "2025-04-22",
        "end": "2025-06-27",
        "weeks": 10
      },
      "term_3": {
        "start": "2025-07-14",
        "end": "2025-09-19",
        "weeks": 10
      },
      "term_4": {
        "start": "2025-10-07",
        "end": "2025-12-12",
        "weeks": 10
      }
    },
    "staff_development_days": {
      "term_1": {
        "start": "2025-01-23",
        "end": "2025-01-24",
        "days": 2
      },
      "term_3": {
        "date": "2025-09-05",
        "days": 1
      }
    },
    "school_holidays": {
      "term_1": {
        "start": "2025-04-05",
        "end": "2025-04-21",
        "days": 17
      },
      "term_2": {
        "start": "2025-06-28",
        "end": "2025-07-13",
        "days": 16
      },
      "term_3": {
        "start": "2025-09-20",
        "end": "2025-10-06",
        "days": 17
      },
      "term_4": {
        "start": "2025-12-13",
        "end": "2026-01-26",
        "days": 45
      }
    }
  },
  "2026": {
    "term_dates": {
      "term_1": {
        "start": "2026-01-27",
        "end": "2026-04-02",
        "weeks": 10
      },
      "term_2": {
        "start": "2026-04-20",
        "end": "2026-06-26",
        "weeks": 10
      },
      "term_3": {
        "start": "2026-07-13",
        "end": "2026-09-18",
        "weeks": 10
      },
      "term_4": {
        "start": "2026-10-06",
        "end": "2026-12-11",
        "weeks": 10
      }
    },
    "staff_development_days": {
      "term_3": {
        "date": "2026-09-04",
        "days": 1
      }
    },
    "school_holidays": {
      "term_1": {
        "start": "2026-04-03",
        "end": "2026-04-19",
        "days": 17
      },
      "term_2": {
        "start": "2026-06-27",
        "end": "2026-07-12",
        "days": 16
      },
      "term_3": {
        "start": "2026-09-19",
        "end": "2026-10-05",
        "days": 17
      },
      "term_4": {
        "start": "2026-12-12",
        "end": "2027-01-26",
        "days": 46
      }
    }
  },
  "2027": {
    "term_dates": {
      "term_1": {
        "start": "2027-01-27",
        "end": "2027-03-25",
        "weeks": 9
      },
      "term_2": {
        "start": "2027-04-12",
        "end": "2027-06-25",
        "weeks": 11
      },
      "term_3": {
        "start": "2027-07-12",
        "end": "2027-09-17",
        "weeks": 10
      },
      "term_4": {
        "start": "2027-10-05",
        "end": "2027-12-10",
        "weeks": 10
      }
    },
    "staff_development_days": {
      "term_1": {
        "dates": [ "2027-01-21", "2027-01-22", "2027-01-25" ],
        "days": 3
      },
      "term_3": {
        "date": "2027-09-03",
        "days": 1
      }
    },
    "school_holidays": {
      "term_1": {
        "start": "2027-03-26",
        "end": "2027-04-11",
        "days": 17
      },
      "term_2": {
        "start": "2027-06-26",
        "end": "2027-07-11",
        "days": 16
      },
      "term_3": {
        "start": "2027-09-18",
        "end": "2027-10-04",
        "days": 17
      },
      "term_4": {
        "start": "2027-12-11",
        "end": "2028-01-23",
        "days": 44
      }
    }
  },
  "2028": {
    "term_dates": {
      "term_1": {
        "start": "2028-01-24",
        "end": "2028-03-31",
        "weeks": 10
      },
      "term_2": {
        "start": "2028-04-18",
        "end": "2028-06-23",
        "weeks": 10
      },
      "term_3": {
        "start": "2028-07-10",
        "end": "2028-09-15",
        "weeks": 10
      },
      "term_4": {
        "start": "2028-10-03",
        "end": "2028-12-08",
        "weeks": 10
      }
    },
    "staff_development_days": {
      "term_1": {
        "start": "2028-01-20",
        "end": "2028-01-21",
        "days": 2
      },
      "term_3": {
        "date": "2028-09-01",
        "days": 1
      }
    },
    "school_holidays": {
      "term_1": {
        "start": "2028-04-01",
        "end": "2028-04-17",
        "days": 17
      },
      "term_2": {
        "start": "2028-06-24",
        "end": "2028-07-09",
        "days": 16
      },
      "term_3": {
        "start": "2028-09-16",
        "end": "2028-10-02",
        "days": 17
      },
      "term_4": {
        "start": "2028-12-09",
        "end": "2029-01-21",
        "days": 44
      }
    }
  },
  "2029": {
    "term_dates": {
      "term_1": {
        "start": "2029-01-22",
        "end": "2029-03-29",
        "weeks": 10
      },
      "term_2": {
        "start": "2029-04-16",
        "end": "2029-06-22",
        "weeks": 10
      },
      "term_3": {
        "start": "2029-07-09",
        "end": "2029-09-14",
        "weeks": 10
      },
      "term_4": {
        "start": "2029-10-02",
        "end": "2029-12-07",
        "weeks": 10
      }
    },
    "staff_development_days": {
      "term_1": {
        "start": "2029-01-18",
        "end": "2029-01-19",
        "days": 2
      },
      "term_3": {
        "date": "2029-08-31",
        "days": 1
      }
    },
    "school_holidays": {
      "term_1": {
        "start": "2029-03-30",
        "end": "2029-04-15",
        "days": 17
      },
      "term_2": {
        "start": "2029-06-23",
        "end": "2029-07-08",
        "days": 16
      },
      "term_3": {
        "start": "2029-09-15",
        "end": "2029-10-01",
        "days": 17
      },
      "term_4": {
        "start": "2029-12-08",
        "end": "2030-01-21"
      }
    }
  }
}
